,Involvement,Level,Total_Applicants
0,On-site,NA,51 applicants
1,Hybrid,Mid-Senior level,Over 100 applicants
2,On-site,Internship,Over 100 applicants
3,On-site,Associate,Over 100 applicants
4,On-site,NA,Over 100 applicants
5,On-site,NA,Over 100 applicants
6,Remote,NA,Over 100 applicants
7,On-site,NA,Over 100 applicants
8,On-site,Mid-Senior level,Over 100 applicants
9,Hybrid,Mid-Senior level,72 applicants
10,On-site,NA,Over 100 applicants
11,Hybrid,Mid-Senior level,0 applicants
12,Hybrid,Mid-Senior level,Over 100 applicants
13,On-site,Mid-Senior level,Over 100 applicants
14,Hybrid,Mid-Senior level,69 applicants
15,Hybrid,Mid-Senior level,0 applicants
16,Hybrid,Mid-Senior level,70 applicants
17,NA,NA,NA
18,NA,NA,NA
19,Hybrid,Mid-Senior level,12 applicants
20,On-site,Mid-Senior level,Over 100 applicants
21,Remote,NA,NA
22,Hybrid,Mid-Senior level,Over 100 applicants
23,On-site,Entry level,59 applicants
24,NA,NA,0 applicants
25,On-site,Mid-Senior level,0 applicants
26,Hybrid,Mid-Senior level,59 applicants
27,On-site,NA,Over 100 applicants
28,On-site,NA,Over 100 applicants
29,On-site,Mid-Senior level,48 applicants
30,Hybrid,Mid-Senior level,16 applicants
31,On-site,Mid-Senior level,33 applicants
32,Remote,NA,Over 100 applicants
33,On-site,Associate,4 applicants
34,On-site,Mid-Senior level,1 applicant
35,Hybrid,Mid-Senior level,0 applicants
36,On-site,Mid-Senior level,7 applicants
37,On-site,NA,Over 100 applicants
38,On-site,Mid-Senior level,0 applicants
39,Hybrid,Mid-Senior level,79 applicants
40,Hybrid,Mid-Senior level,Over 100 applicants
41,Hybrid,NA,Over 100 applicants
42,On-site,NA,0 applicants
43,On-site,NA,Over 100 applicants
44,On-site,NA,Over 100 applicants
45,NA,NA,NA
46,Hybrid,Mid-Senior level,Over 100 applicants
47,On-site,Mid-Senior level,Over 100 applicants
48,Hybrid,Mid-Senior level,Over 100 applicants
49,On-site,Mid-Senior level,Over 100 applicants
50,Hybrid,NA,Over 100 applicants
51,Hybrid,Mid-Senior level,Over 100 applicants
52,On-site,Entry level,Over 100 applicants
53,On-site,Entry level,Over 100 applicants
54,On-site,Mid-Senior level,15 applicants
55,Hybrid,NA,0 applicants
56,On-site,Mid-Senior level,Over 100 applicants
57,Hybrid,Mid-Senior level,Over 100 applicants
58,On-site,NA,Over 100 applicants
59,Hybrid,Associate,0 applicants
60,On-site,Mid-Senior level,Over 100 applicants
61,On-site,Associate,Over 100 applicants
62,On-site,Mid-Senior level,Over 100 applicants
63,Hybrid,Mid-Senior level,27 applicants
64,On-site,NA,NA
65,On-site,Entry level,Over 100 applicants
66,On-site,NA,NA
67,On-site,Mid-Senior level,Over 100 applicants
68,On-site,Entry level,Over 100 applicants
69,On-site,NA,71 applicants
70,Hybrid,Mid-Senior level,25 applicants
71,On-site,NA,Over 100 applicants
72,On-site,Associate,Over 100 applicants
73,On-site,Mid-Senior level,Over 100 applicants
74,On-site,NA,Over 100 applicants
75,Hybrid,Associate,Over 100 applicants
76,Hybrid,Associate,32 applicants
77,Hybrid,Mid-Senior level,Over 100 applicants
78,Hybrid,Mid-Senior level,Over 100 applicants
79,On-site,Entry level,0 applicants
80,On-site,NA,86 applicants
81,On-site,Mid-Senior level,23 applicants
82,On-site,Mid-Senior level,1 applicant
83,On-site,NA,1 applicant
84,On-site,Mid-Senior level,17 applicants
85,On-site,Mid-Senior level,Over 100 applicants
86,On-site,Mid-Senior level,16 applicants
87,On-site,Entry level,0 applicants
88,Hybrid,Mid-Senior level,72 applicants
89,On-site,NA,Over 100 applicants
90,On-site,Associate,Over 100 applicants
91,On-site,Mid-Senior level,Over 100 applicants
92,On-site,Mid-Senior level,50 applicants
93,On-site,NA,Over 100 applicants
94,NA,NA,NA
95,On-site,Mid-Senior level,49 applicants
96,Hybrid,Mid-Senior level,0 applicants
97,Hybrid,Associate,Over 100 applicants
98,On-site,Mid-Senior level,Over 100 applicants
99,On-site,NA,Over 100 applicants
100,Hybrid,Associate,Over 100 applicants
101,Hybrid,Associate,Over 100 applicants
102,On-site,Associate,Over 100 applicants
103,On-site,NA,Over 100 applicants
104,On-site,NA,21 applicants
105,On-site,NA,NA
106,On-site,Entry level,93 applicants
107,On-site,Mid-Senior level,97 applicants
108,On-site,Mid-Senior level,94 applicants
109,On-site,NA,98 applicants
110,On-site,NA,12 applicants
111,Hybrid,Mid-Senior level,41 applicants
112,Hybrid,Mid-Senior level,Over 100 applicants
113,On-site,Associate,Over 100 applicants
114,On-site,Mid-Senior level,4 applicants
115,On-site,Entry level,1 applicant
116,On-site,NA,Over 100 applicants
117,On-site,Mid-Senior level,Over 100 applicants
118,On-site,Mid-Senior level,Over 100 applicants
119,Hybrid,Mid-Senior level,Over 100 applicants
120,On-site,Mid-Senior level,27 applicants
121,On-site,NA,Over 100 applicants
122,Hybrid,Mid-Senior level,53 applicants
123,On-site,Entry level,0 applicants
124,On-site,Mid-Senior level,Over 100 applicants
125,On-site,Entry level,98 applicants
126,Hybrid,Entry level,Over 100 applicants
127,On-site,Mid-Senior level,Over 100 applicants
128,On-site,NA,Over 100 applicants
129,On-site,NA,35 applicants
130,Hybrid,NA,Over 100 applicants
131,On-site,Mid-Senior level,Over 100 applicants
132,On-site,NA,Over 100 applicants
133,On-site,NA,21 applicants
134,On-site,NA,38 applicants
135,Hybrid,Mid-Senior level,Over 100 applicants
136,On-site,NA,Over 100 applicants
137,On-site,Mid-Senior level,Over 100 applicants
138,On-site,NA,Over 100 applicants
139,On-site,NA,NA
140,On-site,Mid-Senior level,Over 100 applicants
141,On-site,Mid-Senior level,Over 100 applicants
142,Remote,Associate,Over 100 applicants
143,On-site,Mid-Senior level,Over 100 applicants
144,On-site,Mid-Senior level,98 applicants
145,On-site,Mid-Senior level,Over 100 applicants
146,On-site,Associate,Over 100 applicants
147,On-site,NA,17 applicants
148,On-site,NA,32 applicants
149,On-site,NA,Over 100 applicants
150,Hybrid,Mid-Senior level,39 applicants
151,On-site,NA,Over 100 applicants
152,Hybrid,Mid-Senior level,24 applicants
153,On-site,Mid-Senior level,Over 100 applicants
154,Hybrid,Mid-Senior level,Over 100 applicants
155,Hybrid,Mid-Senior level,23 applicants
156,On-site,Mid-Senior level,29 applicants
157,On-site,NA,29 applicants
158,On-site,NA,Over 100 applicants
159,On-site,Entry level,Over 100 applicants
160,On-site,NA,Over 100 applicants
161,On-site,NA,Over 100 applicants
162,On-site,NA,38 applicants
163,On-site,Mid-Senior level,Over 100 applicants
164,On-site,NA,97 applicants
165,On-site,Mid-Senior level,Over 100 applicants
166,On-site,Mid-Senior level,Over 100 applicants
167,On-site,NA,17 applicants
168,Hybrid,Mid-Senior level,Over 100 applicants
169,On-site,Mid-Senior level,Over 100 applicants
170,Hybrid,Mid-Senior level,Over 100 applicants
171,On-site,NA,Over 100 applicants
172,On-site,Mid-Senior level,42 applicants
173,NA,Associate,78 applicants
174,NA,NA,Over 100 applicants
175,On-site,NA,53 applicants
176,On-site,Entry level,7 applicants
177,On-site,NA,31 applicants
178,On-site,NA,NA
179,On-site,NA,Over 100 applicants
180,On-site,NA,6 applicants
181,On-site,Entry level,Over 100 applicants
182,On-site,Mid-Senior level,Over 100 applicants
183,Hybrid,Mid-Senior level,53 applicants
184,On-site,NA,Over 100 applicants
185,On-site,NA,Over 100 applicants
186,Hybrid,Mid-Senior level,43 applicants
187,On-site,Mid-Senior level,62 applicants
188,On-site,NA,NA
189,On-site,Mid-Senior level,Over 100 applicants
190,On-site,Mid-Senior level,Over 100 applicants
191,On-site,Mid-Senior level,100 applicants
192,On-site,Mid-Senior level,Over 100 applicants
193,On-site,Mid-Senior level,Over 100 applicants
194,On-site,Entry level,Over 100 applicants
195,On-site,NA,1 applicant
196,On-site,NA,NA
197,On-site,NA,84 applicants
198,On-site,NA,91 applicants
199,Hybrid,NA,Over 100 applicants
200,On-site,Executive,Over 100 applicants
201,Remote,Internship,6 applicants
202,On-site,Associate,73 applicants
203,On-site,Entry level,93 applicants
204,Hybrid,Mid-Senior level,57 applicants
205,On-site,Associate,Over 100 applicants
206,On-site,Associate,Over 100 applicants
207,On-site,Mid-Senior level,Over 100 applicants
208,On-site,Mid-Senior level,Over 100 applicants
209,On-site,Mid-Senior level,Over 100 applicants
210,On-site,Mid-Senior level,Over 100 applicants
211,On-site,Mid-Senior level,Over 100 applicants
212,On-site,NA,Over 100 applicants
213,On-site,Mid-Senior level,Over 100 applicants
214,Hybrid,Mid-Senior level,97 applicants
215,On-site,Executive,Over 100 applicants
216,Hybrid,Mid-Senior level,Over 100 applicants
217,On-site,NA,23 applicants
218,On-site,Associate,Over 100 applicants
219,On-site,Associate,Over 100 applicants
220,On-site,NA,25 applicants
221,On-site,Mid-Senior level,Over 100 applicants
222,On-site,NA,NA
223,On-site,NA,22 applicants
224,On-site,Mid-Senior level,40 applicants
225,Hybrid,Mid-Senior level,0 applicants
226,On-site,NA,Over 100 applicants
227,On-site,NA,77 applicants
228,On-site,Entry level,35 applicants
229,On-site,Mid-Senior level,Over 100 applicants
230,On-site,Associate,Over 100 applicants
231,On-site,NA,22 applicants
232,On-site,Mid-Senior level,36 applicants
233,On-site,NA,99 applicants
234,On-site,Mid-Senior level,Over 100 applicants
235,On-site,Mid-Senior level,12 applicants
236,Hybrid,Mid-Senior level,55 applicants
237,On-site,NA,Over 100 applicants
238,On-site,NA,11 applicants
239,On-site,Mid-Senior level,Over 100 applicants
240,On-site,Associate,95 applicants
241,Hybrid,Mid-Senior level,Over 100 applicants
242,On-site,NA,Over 100 applicants
243,On-site,Associate,Over 100 applicants
244,Hybrid,NA,NA
245,NA,NA,29 applicants
246,On-site,NA,21 applicants
247,On-site,Associate,Over 100 applicants
248,On-site,NA,Over 100 applicants
249,On-site,NA,Over 100 applicants
250,Hybrid,NA,NA
251,NA,NA,45 applicants
252,On-site,NA,48 applicants
253,On-site,NA,7 applicants
254,On-site,Mid-Senior level,Over 100 applicants
255,On-site,Mid-Senior level,Over 100 applicants
256,On-site,NA,57 applicants
257,Hybrid,NA,NA
258,On-site,Entry level,Over 100 applicants
259,On-site,NA,52 applicants
260,On-site,NA,4 applicants
261,Hybrid,Entry level,0 applicants
262,On-site,NA,48 applicants
263,On-site,NA,NA
264,On-site,Mid-Senior level,55 applicants
265,On-site,Mid-Senior level,Over 100 applicants
266,On-site,NA,25 applicants
267,On-site,NA,68 applicants
268,On-site,Mid-Senior level,24 applicants
269,On-site,NA,44 applicants
270,On-site,NA,NA
271,Hybrid,Mid-Senior level,0 applicants
272,Hybrid,Associate,45 applicants
273,On-site,NA,Over 100 applicants
274,On-site,NA,9 applicants
275,On-site,Associate,Over 100 applicants
276,On-site,Associate,Over 100 applicants
277,On-site,NA,24 applicants
278,On-site,Associate,Over 100 applicants
279,On-site,NA,NA
280,Remote,Mid-Senior level,Over 100 applicants
281,On-site,NA,46 applicants
282,NA,NA,97 applicants
283,On-site,NA,Over 100 applicants
284,Remote,NA,Over 100 applicants
285,On-site,Associate,5 applicants
286,Hybrid,Mid-Senior level,6 applicants
287,Remote,Mid-Senior level,Over 100 applicants
288,On-site,NA,46 applicants
289,NA,NA,97 applicants
290,On-site,NA,Over 100 applicants
291,Remote,NA,Over 100 applicants
292,On-site,Associate,5 applicants
293,Hybrid,Mid-Senior level,6 applicants
294,Remote,Mid-Senior level,Over 100 applicants
295,On-site,NA,46 applicants
296,NA,NA,97 applicants
297,On-site,NA,Over 100 applicants
298,Remote,NA,Over 100 applicants
299,On-site,Associate,5 applicants
300,Hybrid,Mid-Senior level,6 applicants
301,Remote,Mid-Senior level,Over 100 applicants
302,On-site,NA,46 applicants
303,NA,NA,97 applicants
304,On-site,NA,Over 100 applicants
305,Remote,NA,Over 100 applicants
306,On-site,Associate,5 applicants
307,Hybrid,Mid-Senior level,6 applicants
308,Remote,Mid-Senior level,Over 100 applicants
309,On-site,NA,46 applicants
310,NA,NA,97 applicants
311,On-site,NA,Over 100 applicants
312,Remote,NA,Over 100 applicants
313,On-site,Associate,5 applicants
314,Hybrid,Mid-Senior level,6 applicants
315,Remote,Mid-Senior level,Over 100 applicants
316,On-site,NA,46 applicants
317,NA,NA,97 applicants
318,On-site,NA,Over 100 applicants
319,Remote,NA,Over 100 applicants
320,On-site,Associate,5 applicants
321,Hybrid,Mid-Senior level,6 applicants
322,Remote,Mid-Senior level,Over 100 applicants
323,On-site,NA,46 applicants
324,NA,NA,97 applicants
325,On-site,NA,Over 100 applicants
326,Remote,NA,Over 100 applicants
327,NA,NA,NA
328,Hybrid,Mid-Senior level,6 applicants
329,Remote,Mid-Senior level,Over 100 applicants
330,On-site,NA,46 applicants
331,NA,NA,97 applicants
332,On-site,NA,Over 100 applicants
333,Remote,NA,Over 100 applicants
334,On-site,Associate,5 applicants
335,Hybrid,Mid-Senior level,6 applicants
336,Remote,Mid-Senior level,Over 100 applicants
337,On-site,NA,46 applicants
338,NA,NA,97 applicants
339,On-site,NA,Over 100 applicants
340,Remote,NA,Over 100 applicants
341,On-site,Associate,5 applicants
342,Hybrid,Mid-Senior level,6 applicants
343,Remote,Mid-Senior level,Over 100 applicants
344,On-site,NA,46 applicants
345,NA,NA,97 applicants
346,On-site,NA,Over 100 applicants
347,Remote,NA,Over 100 applicants
348,On-site,Associate,5 applicants
349,Hybrid,Mid-Senior level,6 applicants
350,Remote,Mid-Senior level,Over 100 applicants
351,On-site,NA,46 applicants
352,NA,NA,97 applicants
353,On-site,NA,Over 100 applicants
354,Remote,NA,Over 100 applicants
355,On-site,Associate,5 applicants
356,Hybrid,Mid-Senior level,6 applicants
357,Remote,Mid-Senior level,Over 100 applicants
358,On-site,NA,46 applicants
359,NA,NA,97 applicants
360,On-site,NA,Over 100 applicants
361,Remote,NA,Over 100 applicants
362,On-site,Associate,5 applicants
363,Hybrid,Mid-Senior level,6 applicants
364,Remote,Mid-Senior level,Over 100 applicants
365,On-site,NA,46 applicants
366,NA,NA,97 applicants
367,On-site,NA,Over 100 applicants
368,Remote,NA,Over 100 applicants
369,On-site,Associate,5 applicants
370,Hybrid,Mid-Senior level,6 applicants
371,Remote,Mid-Senior level,Over 100 applicants
372,On-site,NA,46 applicants
373,NA,NA,97 applicants
374,On-site,NA,Over 100 applicants
375,Remote,NA,Over 100 applicants
376,On-site,Associate,5 applicants
377,Hybrid,Mid-Senior level,6 applicants
378,Remote,Mid-Senior level,Over 100 applicants
379,On-site,NA,46 applicants
380,NA,NA,97 applicants
381,On-site,NA,Over 100 applicants
382,Remote,NA,Over 100 applicants
383,On-site,Associate,5 applicants
384,Hybrid,Mid-Senior level,6 applicants
385,Remote,Mid-Senior level,Over 100 applicants
386,On-site,NA,46 applicants
387,NA,NA,97 applicants
388,On-site,NA,Over 100 applicants
389,Remote,NA,Over 100 applicants
390,On-site,Associate,5 applicants
391,Hybrid,Mid-Senior level,6 applicants
392,Remote,Mid-Senior level,Over 100 applicants
393,On-site,NA,46 applicants
394,NA,NA,97 applicants
395,On-site,NA,Over 100 applicants
396,Remote,NA,Over 100 applicants
397,On-site,Associate,5 applicants
398,Hybrid,Mid-Senior level,6 applicants
399,Remote,Mid-Senior level,Over 100 applicants
400,On-site,NA,46 applicants
401,NA,NA,97 applicants
402,On-site,NA,Over 100 applicants
403,Remote,NA,Over 100 applicants
404,On-site,Associate,5 applicants
405,Hybrid,Mid-Senior level,6 applicants
406,Remote,Mid-Senior level,Over 100 applicants
407,On-site,NA,46 applicants
408,NA,NA,97 applicants
409,On-site,NA,Over 100 applicants
410,Remote,NA,Over 100 applicants
411,On-site,Associate,5 applicants
412,Hybrid,Mid-Senior level,6 applicants
